{"Associate#a466da44-7dee-4de4-955e-95d5c065dffc":"associates.html","Feedback#7d1fcdd9-758e-45a9-b5dc-c8b74e772511":"feedbacks-section.html","Report#bd1e5522-f232-4f33-b07b-ea7caccf680b":"reports-section.html","InterfaceUser#aef8e830-319b-48a1-868e-7ad7503e0116":"authentication.html","InterfaceUser#38095d7d-26e6-415c-bd8a-a9915b09ab75":"user-management.html","CareHome#bf8c81f5-48de-48d0-84b9-c82efb96b9a5":"carehomes.html","CarehomeManager#74840311-ef0a-4d1e-9f41-5db7e0ee0d25":"care-home-managers.html"}