{"entities":{"pages":{"Welcome":{"id":"Welcome","title":"Virtuheal API Documentation","url":"welcome.html","level":0,"pages":["JWTs","Http-status-codes"],"tabIndex":0},"JWTs":{"id":"JWTs","title":"JSON Web Tokens (JWTs) in Flutter and React","url":"jwts.html","level":1,"parentId":"Welcome","tabIndex":0},"Http-status-codes":{"id":"Http-status-codes","title":"HTTP Status Codes in Virtuheal APIs","url":"http-status-codes.html","level":1,"parentId":"Welcome","tabIndex":1},"Authentication":{"id":"Authentication","title":"Authentication and User Management","url":"authentication.html","level":0,"pages":["User-Management"],"tabIndex":1},"User-Management":{"id":"User-Management","title":"User Management","url":"user-management.html","level":1,"parentId":"Authentication","tabIndex":0},"User-groups-and-Authorization":{"id":"User-groups-and-Authorization","title":"User groups and Authorization","url":"user-groups-and-authorization.html","level":0,"tabIndex":2},"Carehomes":{"id":"Carehomes","title":"Care Homes","url":"carehomes.html","level":0,"pages":["Care-Home-Managers"],"tabIndex":3},"Care-Home-Managers":{"id":"Care-Home-Managers","title":"Care Home Managers","url":"care-home-managers.html","level":1,"parentId":"Carehomes","tabIndex":0},"Associates":{"id":"Associates","title":"Associates","url":"associates.html","level":0,"tabIndex":4},"Feedbacks-Section":{"id":"Feedbacks-Section","title":"Feedbacks","url":"feedbacks-section.html","level":0,"tabIndex":5},"Reports-Section":{"id":"Reports-Section","title":"Reports","url":"reports-section.html","level":0,"tabIndex":6}}},"topLevelIds":["Welcome","Authentication","User-groups-and-Authorization","Carehomes","Associates","Feedbacks-Section","Reports-Section"]}